-- ============================================================
-- Archflow: Seed Data
-- Демонстрационные данные из React-артефактов
-- ============================================================

-- Создаём демо-пользователя через auth (Алиса Флоренс — дизайнер)
-- Сначала вставим профиль напрямую (без auth.users, для seed-данных)
INSERT INTO profiles (id, full_name, email, phone, telegram_id, company, role) VALUES
  ('00000000-0000-0000-0000-000000000001', 'Алиса Флоренс', 'alisa@florence-design.ru', '+7 (999) 123-45-67', '@aflorence', 'Florence Design Studio', 'designer'),
  ('00000000-0000-0000-0000-000000000002', 'Анна Козлова', 'anna@mail.ru', '+7 (916) 555-11-22', NULL, NULL, 'client'),
  ('00000000-0000-0000-0000-000000000003', 'Сергей Петров', 'petrov@mail.ru', '+7 (925) 333-44-55', NULL, 'ООО Петров', 'client'),
  ('00000000-0000-0000-0000-000000000004', 'ООО Берёза', 'info@bereza.ru', '+7 (495) 666-77-88', NULL, 'ООО Берёза', 'client'),
  ('00000000-0000-0000-0000-000000000005', 'Мария Иванова', 'maria.iv@mail.ru', '+7 (903) 222-33-44', NULL, NULL, 'client'),
  ('00000000-0000-0000-0000-000000000006', 'Бригада Строймастер', 'foreman@stroy.ru', '+7 (926) 111-22-33', NULL, 'СтройМастер', 'contractor'),
  ('00000000-0000-0000-0000-000000000007', 'Ирина Комплект', 'irina@supply.ru', '+7 (915) 444-55-66', NULL, NULL, 'supplier'),
  ('00000000-0000-0000-0000-000000000008', 'Мария Ассистент', 'maria@florence.ru', '+7 (977) 888-99-00', '@massistant', 'Florence Design Studio', 'assistant');

-- ======================== PROJECTS ========================

INSERT INTO projects (id, title, address, status, owner_id, scenario_type, start_date, supply_discount, progress) VALUES
  ('10000000-0000-0000-0000-000000000001', 'Квартира на Патриарших', 'Москва, Б. Патриарший пер. 8, кв. 12', 'active', '00000000-0000-0000-0000-000000000001', 'block', '2026-01-20', 12, 65),
  ('10000000-0000-0000-0000-000000000002', 'Загородный дом в Барвихе', 'Барвиха, ул. Рублёвская 15', 'active', '00000000-0000-0000-0000-000000000001', 'block', '2026-02-01', 10, 40),
  ('10000000-0000-0000-0000-000000000003', 'Офис на Белой Площади', 'Москва, ул. Лесная 7', 'completed', '00000000-0000-0000-0000-000000000001', 'block', '2025-06-01', 0, 100),
  ('10000000-0000-0000-0000-000000000004', 'Студия на Чистых прудах', 'Москва, Чистопрудный бул. 12', 'active', '00000000-0000-0000-0000-000000000001', 'gkl', '2026-02-15', 8, 15);

-- ======================== PROJECT MEMBERS ========================

INSERT INTO project_members (project_id, user_id, role, access_level) VALUES
  -- Патриаршие
  ('10000000-0000-0000-0000-000000000001', '00000000-0000-0000-0000-000000000002', 'client', 'view'),
  ('10000000-0000-0000-0000-000000000001', '00000000-0000-0000-0000-000000000006', 'contractor', 'view_comment_photo'),
  ('10000000-0000-0000-0000-000000000001', '00000000-0000-0000-0000-000000000007', 'supplier', 'view_supply'),
  ('10000000-0000-0000-0000-000000000001', '00000000-0000-0000-0000-000000000008', 'assistant', 'full'),
  -- Барвиха
  ('10000000-0000-0000-0000-000000000002', '00000000-0000-0000-0000-000000000003', 'client', 'view'),
  -- Белая Площадь
  ('10000000-0000-0000-0000-000000000003', '00000000-0000-0000-0000-000000000004', 'client', 'view'),
  -- Чистые пруды
  ('10000000-0000-0000-0000-000000000004', '00000000-0000-0000-0000-000000000005', 'client', 'view');

-- ======================== STAGES (Block scenario — Патриаршие) ========================

INSERT INTO stages (id, project_id, name, start_date, end_date, sort_order, status) VALUES
  ('20000000-0000-0000-0000-000000000001', '10000000-0000-0000-0000-000000000001', 'Демонтаж', '2026-03-01', '2026-03-10', 1, 'done'),
  ('20000000-0000-0000-0000-000000000002', '10000000-0000-0000-0000-000000000001', 'Возведение перегородок', '2026-03-11', '2026-03-25', 2, 'in_progress'),
  ('20000000-0000-0000-0000-000000000003', '10000000-0000-0000-0000-000000000001', 'Стяжка', '2026-03-26', '2026-04-05', 3, 'pending'),
  ('20000000-0000-0000-0000-000000000004', '10000000-0000-0000-0000-000000000001', 'Инженерия', '2026-04-06', '2026-04-20', 4, 'pending'),
  ('20000000-0000-0000-0000-000000000005', '10000000-0000-0000-0000-000000000001', 'Черновая отделка', '2026-04-21', '2026-05-10', 5, 'pending'),
  ('20000000-0000-0000-0000-000000000006', '10000000-0000-0000-0000-000000000001', 'Чистовая отделка', '2026-05-11', '2026-06-01', 6, 'pending'),
  ('20000000-0000-0000-0000-000000000007', '10000000-0000-0000-0000-000000000001', 'Монтаж дверей', '2026-06-02', '2026-06-10', 7, 'pending'),
  ('20000000-0000-0000-0000-000000000008', '10000000-0000-0000-0000-000000000001', 'Монтаж света', '2026-06-11', '2026-06-20', 8, 'pending'),
  ('20000000-0000-0000-0000-000000000009', '10000000-0000-0000-0000-000000000001', 'Установка сантехники', '2026-06-21', '2026-06-30', 9, 'pending'),
  ('20000000-0000-0000-0000-000000000010', '10000000-0000-0000-0000-000000000001', 'Финальная комплектация', '2026-07-01', '2026-07-15', 10, 'pending');

-- ======================== VISITS ========================

INSERT INTO visits (id, project_id, created_by, date, title, note, status) VALUES
  ('30000000-0000-0000-0000-000000000001', '10000000-0000-0000-0000-000000000001', '00000000-0000-0000-0000-000000000001', '2026-03-04', 'Проверка монтажа перегородок', 'Обнаружено отклонение в спальне на 5 см.', 'issues_found'),
  ('30000000-0000-0000-0000-000000000002', '10000000-0000-0000-0000-000000000001', '00000000-0000-0000-0000-000000000001', '2026-02-28', 'Приёмка электромонтажа', 'Все точки соответствуют проекту.', 'approved'),
  ('30000000-0000-0000-0000-000000000003', '10000000-0000-0000-0000-000000000001', '00000000-0000-0000-0000-000000000001', '2026-02-20', 'Проверка сантехники', 'Подводка, канализация — всё ОК.', 'approved'),
  ('30000000-0000-0000-0000-000000000004', '10000000-0000-0000-0000-000000000001', '00000000-0000-0000-0000-000000000001', '2026-02-14', 'Разметка помещений', 'Разметка по плану.', 'approved'),
  ('30000000-0000-0000-0000-000000000005', '10000000-0000-0000-0000-000000000001', '00000000-0000-0000-0000-000000000001', '2026-02-07', 'Демонтажные работы', 'Демонтаж завершён.', 'approved'),
  ('30000000-0000-0000-0000-000000000006', '10000000-0000-0000-0000-000000000001', '00000000-0000-0000-0000-000000000001', '2026-01-30', 'Старт работ', 'Объект принят.', 'approved'),
  ('30000000-0000-0000-0000-000000000007', '10000000-0000-0000-0000-000000000001', '00000000-0000-0000-0000-000000000001', '2026-03-28', 'Проверка штукатурки', '', 'planned'),
  ('30000000-0000-0000-0000-000000000008', '10000000-0000-0000-0000-000000000001', '00000000-0000-0000-0000-000000000001', '2026-04-05', 'Приёмка стяжки', '', 'planned');

-- ======================== PHOTO RECORDS ========================

INSERT INTO photo_records (visit_id, comment, status, zone) VALUES
  ('30000000-0000-0000-0000-000000000001', 'Перегородка в спальне — отклонение 5 см', 'issue', 'Спальня'),
  ('30000000-0000-0000-0000-000000000001', 'Проём в гостиную — ОК', 'approved', 'Гостиная'),
  ('30000000-0000-0000-0000-000000000001', 'Ниша под TV — углубить 3 см', 'issue', 'Гостиная'),
  ('30000000-0000-0000-0000-000000000001', 'Перегородка ванной — ОК', 'approved', 'Ванная'),
  ('30000000-0000-0000-0000-000000000002', 'Щиток — ОК', 'approved', 'Прихожая'),
  ('30000000-0000-0000-0000-000000000002', 'Разводка гостиной — ОК', 'approved', 'Гостиная');

-- ======================== INVOICES ========================

INSERT INTO invoices (project_id, title, amount, due_date, status, issued_at, paid_at) VALUES
  ('10000000-0000-0000-0000-000000000001', 'Авторский надзор — март', 45000, '2026-04-01', 'pending', '2026-03-01', NULL),
  ('10000000-0000-0000-0000-000000000001', 'Авторский надзор — февраль', 45000, '2026-03-01', 'paid', '2026-02-01', '2026-02-28'),
  ('10000000-0000-0000-0000-000000000001', 'Авторский надзор — январь', 45000, '2026-02-01', 'paid', '2026-01-20', '2026-01-30');

-- ======================== DOCUMENTS ========================

INSERT INTO documents (project_id, uploaded_by, title, version, format, status) VALUES
  ('10000000-0000-0000-0000-000000000001', '00000000-0000-0000-0000-000000000001', 'Планировочное решение', 'v3.2', 'PDF', 'approved'),
  ('10000000-0000-0000-0000-000000000001', '00000000-0000-0000-0000-000000000001', 'Развёртки стен', 'v2.1', 'PDF', 'approved'),
  ('10000000-0000-0000-0000-000000000001', '00000000-0000-0000-0000-000000000001', 'Электропроект', 'v1.4', 'DWG', 'approved'),
  ('10000000-0000-0000-0000-000000000001', '00000000-0000-0000-0000-000000000001', '3D-визуализация', 'v2.0', 'PNG', 'approved'),
  ('10000000-0000-0000-0000-000000000001', '00000000-0000-0000-0000-000000000001', 'Спецификация материалов', 'v4.0', 'XLSX', 'in_review');

-- ======================== SUPPLY ITEMS ========================

INSERT INTO supply_items (project_id, target_stage_id, name, category, status, lead_time_days, quantity, supplier, budget, notes) VALUES
  ('10000000-0000-0000-0000-000000000001', '20000000-0000-0000-0000-000000000007', 'Межкомнатные двери Sofia', 'Двери', 'pending', 120, 5, 'Sofia', 450000, 'Скрытый короб, RAL 9003'),
  ('10000000-0000-0000-0000-000000000001', '20000000-0000-0000-0000-000000000006', 'Керамогранит Italon 60×60', 'Плитка', 'approved', 20, 85, 'Italon', 185000, ''),
  ('10000000-0000-0000-0000-000000000001', '20000000-0000-0000-0000-000000000009', 'Сантехника Grohe', 'Сантехника', 'in_review', 30, 1, 'Grohe', 340000, 'Согласовать смеситель ванной'),
  ('10000000-0000-0000-0000-000000000001', '20000000-0000-0000-0000-000000000008', 'Светильники Flos IC', 'Свет', 'approved', 45, 8, 'Flos', 156000, ''),
  ('10000000-0000-0000-0000-000000000001', '20000000-0000-0000-0000-000000000010', 'Кухня IKEA Metod', 'Кухня', 'pending', 75, 1, 'IKEA', 280000, 'Фасады на заказ'),
  ('10000000-0000-0000-0000-000000000001', '20000000-0000-0000-0000-000000000004', 'Кондиционеры Daikin', 'Климат', 'approved', 35, 3, 'Daikin', 210000, ''),
  ('10000000-0000-0000-0000-000000000001', '20000000-0000-0000-0000-000000000006', 'Паркет Quick-Step', 'Полы', 'approved', 25, 48, 'Quick-Step', 92000, ''),
  ('10000000-0000-0000-0000-000000000001', '20000000-0000-0000-0000-000000000004', 'Радиаторы Zehnder', 'Климат', 'in_review', 40, 6, 'Zehnder', 180000, ''),
  ('10000000-0000-0000-0000-000000000001', '20000000-0000-0000-0000-000000000010', 'Мебель на заказ', 'Мебель', 'pending', 90, 1, 'Столярная мастерская', 520000, 'Стеллаж + ТВ-зона'),
  ('10000000-0000-0000-0000-000000000001', '20000000-0000-0000-0000-000000000005', 'Электрофурнитура Schneider', 'Электрика', 'approved', 15, 1, 'Schneider', 45000, ''),
  ('10000000-0000-0000-0000-000000000001', '20000000-0000-0000-0000-000000000006', 'Обои Cole & Son', 'Отделка', 'pending', 60, 12, 'WallDecor', 78000, 'Fornasetti, акцентная стена'),
  ('10000000-0000-0000-0000-000000000001', '20000000-0000-0000-0000-000000000007', 'Входная дверь Torex', 'Двери', 'approved', 30, 1, 'Torex', 85000, ''),
  ('10000000-0000-0000-0000-000000000001', '20000000-0000-0000-0000-000000000010', 'Зеркала по проекту', 'Декор', 'pending', 35, 2, 'GlassArt', 65000, ''),
  ('10000000-0000-0000-0000-000000000001', '20000000-0000-0000-0000-000000000006', 'Декоративная штукатурка', 'Отделка', 'in_review', 10, 1, 'Decorazza', 42000, ''),
  ('10000000-0000-0000-0000-000000000001', '20000000-0000-0000-0000-000000000010', 'Встроенные шкафы-купе', 'Мебель', 'pending', 60, 2, 'Mr.Doors', 320000, '');

-- ======================== CONTRACT PAYMENTS ========================

INSERT INTO contract_payments (project_id, type, amount, period, status, next_due) VALUES
  ('10000000-0000-0000-0000-000000000001', 'supervision', 45000, 'monthly', 'pending', '2026-04-01'),
  ('10000000-0000-0000-0000-000000000001', 'design', 350000, 'one_time', 'paid', NULL),
  ('10000000-0000-0000-0000-000000000002', 'supervision', 55000, 'monthly', 'pending', '2026-04-01'),
  ('10000000-0000-0000-0000-000000000002', 'design', 500000, 'one_time', 'paid', NULL),
  ('10000000-0000-0000-0000-000000000004', 'supervision', 35000, 'monthly', 'pending', '2026-04-01'),
  ('10000000-0000-0000-0000-000000000004', 'design', 200000, 'one_time', 'partial', NULL);
